{"answers":{"request001":{"relevance":[{"docid":1,"rank":0.20000000298023224},{"docid":4,"rank":0.44999998807907104}],"result":true},"request002":{"docid":5,"rank":0.9459999799728394,"result":true}}}